{
    "@class": "com.kony.gen.viz.model.component.KVizButton",
    "DNDConfig": null,
    "__parentReadjusting__": false,
    "_height_": {
        "type": "string",
        "value": "50dp"
    },
    "_left_": {
        "type": "string",
        "value": "58dp"
    },
    "_margin_": [
        6,
        6,
        6,
        6
    ],
    "_padding_": [
        0,
        0,
        0,
        0
    ],
    "_skin_": "sfbef97514344235a151c9933b28d0df",
    "_text_": "Back to Login",
    "_top_": {
        "type": "string",
        "value": "325dp"
    },
    "_width_": {
        "type": "string",
        "value": "260dp"
    },
    "canUpdateUI": true,
    "centerx": {
        "type": "string",
        "value": "50%"
    },
    "containerweight": 100,
    "contentalignment": 5,
    "displaytext": true,
    "focusskin": "s8be028bae2e4a87ae6bad951a15644e",
    "id": "Button08d62fc5c6a6543",
    "ide_onClick": "AS_Button_7c6e233cea754abea5815129faed39af",
    "info": null,
    "isvisible": true,
    "kuid": "e0f3df9016b4419ebbe6eedcb935ffa1",
    "name": "kony.ui.Button",
    "onclick": "AS_Button_6886865ee0184e41863e048ce0e07984",
    "parent": "frmHome",
    "pf": "frmHome",
    "wType": "Button"
}