{
    "@class": "com.kony.gen.viz.model.component.KVizLabel",
    "DNDConfig": null,
    "__parentReadjusting__": false,
    "_height_": {
        "type": "ref",
        "value": "preferred"
    },
    "_margin_": [
        1,
        1,
        1,
        1
    ],
    "_padding_": [
        0,
        0,
        0,
        0
    ],
    "_skin_": "s3b6635e6a214c55b4451c157cb3d5db",
    "_text_": "Login Successful!",
    "_top_": {
        "type": "string",
        "value": "155dp"
    },
    "_width_": {
        "type": "ref",
        "value": "preferred"
    },
    "_wrapping_": 2,
    "android": {
        "textStyle": {
            "letterSpacing": 0,
            "strikeThrough": false
        }
    },
    "canUpdateUI": true,
    "centerx": {
        "type": "string",
        "value": "50.00%"
    },
    "containerweight": 100,
    "contentalignment": 4,
    "id": "Label0c9bf41bc9b1a43",
    "info": null,
    "ipad": {
        "psp": {
            "wrapping": 2
        }
    },
    "iphone": {
        "psp": {
            "wrapping": 2
        }
    },
    "isvisible": true,
    "kuid": "5218c2dace944f1cbb221c7d1e599793",
    "name": "kony.ui.Label",
    "parent": "frmHome",
    "pf": "frmHome",
    "tooltip": "",
    "wType": "Label",
    "zindex": 1
}