{
    "AS_Button_264560fd22464b9d99df49ee7d9d1ff7": {
        "id": "AS_Button_264560fd22464b9d99df49ee7d9d1ff7",
        "type": "ACTION_SEQUENCE",
        "params": [{
            "datatype": "collection",
            "name": "eventobject"
        }],
        "contextObj": {
            "name": "frmLogin",
            "type": "forms",
            "platform": "",
            "KUID": "f9f242cd584f40489d4b9fb117891c9b"
        },
        "actions": [{
            "id": "INVOKE_FUNCTION___52892e72ebfd43bea0605663339f3a03",
            "type": "INVOKE_FUNCTION",
            "sequenceKUID": "isAuthUsingTouchSupported",
            "display": "isAuthUsingTouchSupported",
            "inputparams": [],
            "parentId": null,
            "callbackType": null
        }]
    }
}