{
    "@class": "com.kony.gen.viz.model.component.KVizLabel",
    "DNDConfig": null,
    "__parentReadjusting__": false,
    "_height_": {
        "type": "string",
        "value": "1dp"
    },
    "_left_": {
        "type": "string",
        "value": "218dp"
    },
    "_margin_": [
        1,
        1,
        1,
        1
    ],
    "_padding_": [
        0,
        0,
        0,
        0
    ],
    "_skin_": "sd941e85a42d493f91591c9cc96578c1",
    "_text_": "Label",
    "_top_": {
        "type": "string",
        "value": "397dp"
    },
    "_width_": {
        "type": "string",
        "value": "100dp"
    },
    "_wrapping_": 2,
    "android": {
        "textStyle": {
            "letterSpacing": 0,
            "strikeThrough": false
        }
    },
    "canUpdateUI": true,
    "centerx": {
        "type": "string",
        "value": "70%"
    },
    "containerweight": 100,
    "contentalignment": 4,
    "id": "CopyLabel0db94550880cd4d",
    "info": null,
    "ipad": {
        "psp": {
            "wrapping": 2
        }
    },
    "iphone": {
        "psp": {
            "wrapping": 2
        }
    },
    "isvisible": true,
    "kuid": "d2d0942362a647cc8e9c6cb577586502",
    "name": "kony.ui.Label",
    "parent": "frmLogin",
    "pf": "frmLogin",
    "tooltip": "",
    "wType": "Label",
    "zindex": 1
}