{
    "DNDConfig": null,
    "__parentReadjusting__": false,
    "_height_": {
        "type": "string",
        "value": "220dp"
    },
    "_left_": {
        "type": "string",
        "value": "0dp"
    },
    "_margin_": [
        0,
        0,
        0,
        0
    ],
    "_orientation_": 6,
    "_padding_": [
        0,
        0,
        0,
        0
    ],
    "_percent_": true,
    "_skin_": "s943d2cf81994f778e48d457178500c7",
    "_top_": {
        "type": "string",
        "value": "116dp"
    },
    "_width_": {
        "type": "string",
        "value": "100%"
    },
    "allboxes": [],
    "canUpdateUI": true,
    "children": [
        "TextField0ed9dd010a4fa40",
        "CopyTextField03eb9b88cc64745"
    ],
    "clipbounds": true,
    "containerweight": 100,
    "enablescrolling": true,
    "id": "FlexContainer05e7c3da9ee364a",
    "info": null,
    "isvisible": true,
    "kuid": "f5cd09e9b7614fe882abaa08c50ebd8e",
    "layouttype": 2,
    "name": "kony.ui.FlexContainer",
    "parent": "frmLogin",
    "pf": "frmLogin",
    "snapgridsize": 10,
    "snaptogrid": true,
    "wType": "FlexContainer",
    "widgetalignment": 1,
    "zindex": 1
}