{
    "@class": "com.kony.gen.viz.model.component.KVizImage2",
    "DNDConfig": null,
    "__parentReadjusting__": false,
    "_base64_": null,
    "_height_": {
        "type": "string",
        "value": "80dp"
    },
    "_left_": {
        "type": "string",
        "value": "133dp"
    },
    "_margin_": [
        0,
        0,
        0,
        0
    ],
    "_padding_": [
        0,
        0,
        0,
        0
    ],
    "_skin_": "sddd933f177044f9acc26fb470d6a751",
    "_src_": "tid.png",
    "_top_": {
        "type": "string",
        "value": "433dp"
    },
    "_width_": {
        "type": "string",
        "value": "130dp"
    },
    "canUpdateUI": true,
    "centerx": {
        "type": "string",
        "value": "50%"
    },
    "containerweight": 100,
    "context": {
        "channel": "mobile",
        "formID": "frmLogin",
        "platform": "iphone",
        "templateType": "forms",
        "topLevelBox": null
    },
    "id": "Image0a8cbe235928b45",
    "imagescalemode": 1,
    "info": null,
    "invokedProperty": "src",
    "isvisible": true,
    "kuid": "340ba8fe0d7b4362a5848b305083602d",
    "name": "kony.ui.Image2",
    "parent": "frmLogin",
    "pf": "frmLogin",
    "srcType": 1,
    "wType": "Image",
    "widgetalignment": 5,
    "zindex": 1
}