{
    "@class": "com.kony.gen.viz.model.component.KVizLabel",
    "DNDConfig": null,
    "__parentReadjusting__": false,
    "_height_": {
        "type": "string",
        "value": "1dp"
    },
    "_left_": {
        "type": "string",
        "value": "60dp"
    },
    "_margin_": [
        1,
        1,
        1,
        1
    ],
    "_padding_": [
        0,
        0,
        0,
        0
    ],
    "_skin_": "s76e583ec5484e37bfe82e23a4441523",
    "_text_": "Label",
    "_top_": {
        "type": "string",
        "value": "397dp"
    },
    "_width_": {
        "type": "string",
        "value": "100dp"
    },
    "_wrapping_": 2,
    "android": {
        "textStyle": {
            "letterSpacing": 0,
            "strikeThrough": false
        }
    },
    "canUpdateUI": true,
    "centerx": {
        "type": "string",
        "value": "30%"
    },
    "containerweight": 100,
    "contentalignment": 4,
    "id": "Label03f3a6cba41dc45",
    "info": null,
    "ipad": {
        "psp": {
            "wrapping": 2
        }
    },
    "iphone": {
        "psp": {
            "wrapping": 2
        }
    },
    "isvisible": true,
    "kuid": "7f4b6052eaac4244b021339a3c987399",
    "name": "kony.ui.Label",
    "parent": "frmLogin",
    "pf": "frmLogin",
    "tooltip": "",
    "wType": "Label",
    "zindex": 1
}