{"createdVizVersion":"2.9.0","watchos_longlooknotificationicon_42":"","wap_android240_fontsize":"12","mwaddrkey":"","watchos_notificationcentericon_38":"","createdgaversion":"6.9.0","wap_android640_fontsize":"12","prototype":{"createdOn":"2015-12-01T18:11:47.641Z","resourceId":"a6e185e8-afd8-47c0-9457-2f13baa9024a","createdBy":"Faizan Khalidi","createdById":"da9fd406-0a9e-4faa-9aba-7f2d955051cf","shareGuid":"UA8W4"},"winmobileguidkey":"","desktopwebbasefontsize":"12","watchos_shortlooknotificationicon_42":"","wap_spaandroidtab_fontsize":"12","apppackagekey":"","startupformkey":"frmLogin","accountCloudGuid":"dafef7c0-d572-4d09-9ad1-64e9a30d40a8","wap_bb440_fontsize":"12","wap_spaandroidtabldpi_fontsize":"12","isA11yConfigEnabled":false,"wap_android480_fontsize":"12","wap_spawindowstab_fontsize":"12","defaulttheme":"defaultTheme","wap_winphone320_fontsize":"12","watchos_longlooknotificationicon_38":"","watchos_notificationcentericon_42":"","projectCloudGuid":"3061a9eb-93b3-4f15-992a-606e52e8b996","enableactionbar":false,"appmenu":{"focusSkin":null,"tablet":{"data":[{"id":"appmenuitemid1","icon":{"default":"option1.png"},"title":"Item 1","kuid":"cd8fda94aa7d494c92eafbe1da5f5da4"},{"id":"appmenuitemid2","icon":{"default":"option2.png"},"title":"Item 2","kuid":"735dffb88c7346a88121ff0188f6be75"},{"id":"appmenuitemid3","icon":{"default":"option3.png"},"title":"Item 3","kuid":"5f72477c45de4aac8c3d26e660074cb8"},{"id":"appmenuitemid4","icon":{"default":"option4.png"},"title":"Item 4","kuid":"fa37b9bbacac472dbd0c7ca0feba67c0"}]},"osVersion":"iOS7","wType":"Appmenu","focusskin":null,"osPlatform":"","desktop":{"data":[{"id":"appmenuitemid1","icon":{"default":"option1.png"},"title":"Item 1","kuid":"77d9965149204cd89715e54f4c566af8"},{"id":"appmenuitemid2","icon":{"default":"option2.png"},"title":"Item 2","kuid":"c7b1dd544d5f4f0c87f1169004215819"},{"id":"appmenuitemid3","icon":{"default":"option3.png"},"title":"Item 3","kuid":"3e0cc9b84bdb4086a09b6c5ba22356c3"},{"id":"appmenuitemid4","icon":{"default":"option4.png"},"title":"Item 4","kuid":"9e96fcf5b40c43d18bfd4c33356c1a7d"}]},"skin":null,"mobile":{"data":[{"id":"appmenuitemid1","icon":{"default":"option1.png"},"title":"Item 1","kuid":"0474e75c1ee740239a5473cfc2bc4a71"},{"id":"appmenuitemid2","icon":{"default":"option2.png"},"title":"Item 2","kuid":"22352d742692490c8ece3451750decaf"},{"id":"appmenuitemid3","icon":{"default":"option3.png"},"title":"Item 3","kuid":"a09f0e07138742aba5e4c4e3b1ac84ed"},{"id":"appmenuitemid4","icon":{"default":"option4.png"},"title":"Item 4","kuid":"327f31f4f95f443ea53956664c48afaa"}]}},"wap_android360_fontsize":"12","project.type":"js","appversionkey":"1.0.0","mwportkey":"","wap_bb400_fontsize":"12","isNewAppWithRespectToAndroidPackageName":"","build":"debug","wap_android320_fontsize":"12","statusBarHidden":"false","wap_winphone480_fontsize":"12","export.type":"studioviz","wap_bb240_fontsize":"12","wap_bb480_fontsize":"12","wap_spaandroidtabmdpi_fontsize":"12","wap_bb320_fontsize":"12","project_version":"sprint22","appaddrkey":"","wap_android400_fontsize":"12","wap_ip_fontsize":"12","watchos_shortlooknotificationicon_38":"","appidkey":"Project02e2eb0ee8","currentgaversion":"6.9.0","mwhttpsportkey":"","vendornamekey":"KonyLabs","konyVizVersion":"2.9.0","appnamekey":"FingerPrint","APPLICATION_THEME":"default","wap_spaipad_fontsize":"12","wap_android440_fontsize":"12","wap_spaandroidtabhdpi_fontsize":"12","nativeContainerProperties":{"isModified":false,"isEnableJSContaineriOS":false,"isEnableJSContainerAndroid":false,"isEnableJSContainer":false},"wap_bb360_fontsize":"12"}