{
    "@class": "com.kony.gen.viz.model.container.KVizHBox",
    "DNDConfig": null,
    "_margin_": [
        0,
        0,
        0,
        0
    ],
    "_orientation_": 1,
    "_padding_": [
        0,
        0,
        0,
        0
    ],
    "_percent_": true,
    "_position_": 3,
    "_skin_": "sd640b06acb94dd18d61a4f757eb8c97",
    "allboxes": [],
    "canUpdateUI": true,
    "children": [
        "VBox0b833218a771840"
    ],
    "containerweight": 100,
    "contextmenu": null,
    "id": "HBox09b8a8c260c6747",
    "info": null,
    "isvisible": true,
    "kuid": "6b023218f1f54ece991359e32d23b093",
    "layouttype": 0,
    "name": "kony.ui.Box",
    "parent": "Popup033f19a2f4f3547",
    "pf": "Popup033f19a2f4f3547",
    "wType": "HBox",
    "widgetalignment": 1
}