{
    "@class": "com.kony.gen.viz.model.component.KVizLabel",
    "DNDConfig": null,
    "_margin_": [
        1,
        1,
        1,
        1
    ],
    "_padding_": [
        0,
        0,
        0,
        0
    ],
    "_skin_": "s6a8f6de574841809342b1a870d137ad",
    "_text_": " Touch ID for  \"FingerPrintSample\"",
    "_wrapping_": 2,
    "android": {
        "textStyle": {
            "letterSpacing": 0,
            "strikeThrough": false
        }
    },
    "canUpdateUI": true,
    "containerweight": 100,
    "contentalignment": 5,
    "id": "lbl1",
    "info": null,
    "ipad": {
        "psp": {
            "wrapping": 2
        }
    },
    "iphone": {
        "psp": {
            "wrapping": 2
        }
    },
    "isvisible": true,
    "kuid": "f8d5c2227234409c9c5fbc914e881b8a",
    "maxnumberoflines": 2,
    "name": "kony.ui.Label",
    "paddInPixel": [
        0,
        0,
        0,
        0
    ],
    "parent": "VBox0b833218a771840",
    "pf": "Popup033f19a2f4f3547",
    "tooltip": "",
    "wType": "Label"
}